{"cameraMode":{"drawMode":0,"name":"Shaded","section":"Shading Mode"},"sceneLighting":false,"audioPlay":false,"sceneViewState":{"showFog":true,"showMaterialUpdate":false,"showSkybox":false,"showFlares":true,"showImageEffects":true,"showParticleSystems":true},"in2DMode":false,"pivot":{"x":7.23414421081543,"y":2.9643380641937258,"z":1.2026536464691163},"rotation":{"x":-0.08570466190576554,"y":0.0020901572424918415,"z":-0.00017953065980691463,"w":-0.996323823928833},"size":9.797144889831543,"orthographic":true}