{"cameraMode":{"drawMode":0,"name":"Shaded","section":"Shading Mode"},"sceneLighting":true,"audioPlay":false,"sceneViewState":{"showFog":true,"showMaterialUpdate":false,"showSkybox":true,"showFlares":true,"showImageEffects":true,"showParticleSystems":true},"in2DMode":false,"pivot":{"x":206.78125,"y":236.17742919921876,"z":-16.225000381469728},"rotation":{"x":0.019149895757436754,"y":-0.06384707242250443,"z":-0.001225865911692381,"w":-0.9977817535400391},"size":390.2534484863281,"orthographic":true}